TenureGroup,用户数,流失人数,流失率,平均订单数
,2074,102,0.04918032786885246,3.657666345226615
,3552,846,0.23817567567567569,2.5565878378378377
,4,0,0.0,2.0
